req_id,requirement,feature,design_ids,impl_files,unit_tests,integration_tests,e2e_tests,verify_status,evidence_commit
REQ-0001,操縦側は Quest 3S のブラウザだけで成立する,F-001,"AD-0001,DD-0015",,,,,stale,
REQ-0002,360°映像を Quest で全天球表示できる,F-001,"AD-0002,DD-0012,DD-0013,DD-0014",,,tests/integration/test_it_0005_signaling.py::test_signaling_relay_and_reconnect,,stale,
REQ-0003,車載音声を操縦者が聞ける,F-001,"AD-0002,DD-0012,DD-0013,DD-0014",,,tests/integration/test_it_0005_signaling.py::test_signaling_relay_and_reconnect,,stale,
REQ-0004,パイロット映像を車載モニタに表示できる,F-001,"AD-0002,DD-0012,DD-0013,DD-0014",,,tests/integration/test_it_0005_signaling.py::test_signaling_relay_and_reconnect,tests/e2e/test_st_media.py::test_pilot_video_is_shown_full_screen_on_car_page,stale,
REQ-0005,パイロット音声を車載側で再生できる,F-001,"AD-0002,DD-0012,DD-0013,DD-0014",,,tests/integration/test_it_0005_signaling.py::test_signaling_relay_and_reconnect,,stale,
REQ-0006,操作命令を車載へ届けられる,F-001,"AD-0002,AD-0005,DD-0004,DD-0005,DD-0010,DD-0012,DD-0013,DD-0014",,"tests/unit/test_config.py::test_channel_options,tests/unit/test_control.py::test_no_input_gives_stop_and_heartbeat,tests/unit/test_control.py::test_input_timeout,tests/unit/test_control.py::test_periods,tests/unit/test_control.py::test_heartbeat_payload_and_seq,tests/unit/test_control.py::test_estop_latch,tests/unit/test_control.py::test_release_only_from_booth,tests/unit/test_control.py::test_rtt,tests/unit/test_mapping.py::test_deadman_released,tests/unit/test_mapping.py::test_deadman_held,tests/unit/test_mapping.py::test_deadzone_and_directions,tests/unit/test_mapping.py::test_rescale_monotonic,tests/unit/test_mapping.py::test_stage_buttons,tests/unit/test_mapping.py::test_clutch_rising_edge,tests/unit/test_mapping.py::test_clutch_relative_motion,tests/unit/test_mapping.py::test_clutch_release_and_regrip,tests/unit/test_mapping.py::test_no_pose_disables,tests/unit/test_mapping.py::test_grip_value","tests/integration/test_it_0001_command_to_udp_out.py::test_quest_input_reaches_udp_out,tests/integration/test_it_0005_signaling.py::test_signaling_relay_and_reconnect,tests/integration/test_it_0007_input_loss.py::test_input_loss_stops_drive",tests/e2e/test_st_control.py::test_quest_input_becomes_high_level_commands_on_udp_out,stale,
REQ-0007,上り帯域の合計を 3.0 Mbps 以内に収める,F-001,"AD-0003,DD-0011,DD-0012",,,,tests/e2e/test_st_media.py::test_car_uplink_media_stays_within_3mbps,stale,
REQ-0008,360°映像は低遅延を優先する,F-001,"AD-0003,DD-0011,DD-0012",,,,,stale,
REQ-0009,パイロット映像は高圧縮を優先する,F-001,"AD-0003,DD-0011,DD-0012",,,,tests/e2e/test_st_media.py::test_pilot_video_is_sent_small_and_under_400kbps,stale,
REQ-0010,通信途絶時は走行を停止する,F-001,"AD-0007,DD-0005,DD-0006,DD-0013",,"tests/unit/test_control.py::test_no_input_gives_stop_and_heartbeat,tests/unit/test_control.py::test_input_timeout,tests/unit/test_control.py::test_periods,tests/unit/test_control.py::test_heartbeat_payload_and_seq,tests/unit/test_control.py::test_estop_latch,tests/unit/test_control.py::test_release_only_from_booth,tests/unit/test_control.py::test_rtt,tests/unit/test_safety.py::test_initial,tests/unit/test_safety.py::test_run_and_command,tests/unit/test_safety.py::test_heartbeat_timeout,tests/unit/test_safety.py::test_recover_discards_old_command,tests/unit/test_safety.py::test_link_down,tests/unit/test_safety.py::test_command_timeout_keeps_run,tests/unit/test_safety.py::test_deadman_false_zeroes_drive,tests/unit/test_safety.py::test_estop_from_any,tests/unit/test_safety.py::test_estop_ignores_everything,tests/unit/test_safety.py::test_release_then_heartbeat,tests/unit/test_safety.py::test_state_change_flag","tests/integration/test_it_0002_heartbeat_loss.py::test_hub_kill_stops_car_and_recovers,tests/integration/test_it_0003_estop_latch.py::test_estop_latch_and_release,tests/integration/test_it_0007_input_loss.py::test_input_loss_stops_drive","tests/e2e/test_st_control.py::test_frozen_hub_stops_car_within_500ms,tests/e2e/test_st_control.py::test_crashed_hub_stops_car_within_500ms",stale,
REQ-0011,E-STOP はラッチし、明示解除でのみ復帰する,F-001,"AD-0007,DD-0005,DD-0006,DD-0013",,"tests/unit/test_control.py::test_no_input_gives_stop_and_heartbeat,tests/unit/test_control.py::test_input_timeout,tests/unit/test_control.py::test_periods,tests/unit/test_control.py::test_heartbeat_payload_and_seq,tests/unit/test_control.py::test_estop_latch,tests/unit/test_control.py::test_release_only_from_booth,tests/unit/test_control.py::test_rtt,tests/unit/test_safety.py::test_initial,tests/unit/test_safety.py::test_run_and_command,tests/unit/test_safety.py::test_heartbeat_timeout,tests/unit/test_safety.py::test_recover_discards_old_command,tests/unit/test_safety.py::test_link_down,tests/unit/test_safety.py::test_command_timeout_keeps_run,tests/unit/test_safety.py::test_deadman_false_zeroes_drive,tests/unit/test_safety.py::test_estop_from_any,tests/unit/test_safety.py::test_estop_ignores_everything,tests/unit/test_safety.py::test_release_then_heartbeat,tests/unit/test_safety.py::test_state_change_flag","tests/integration/test_it_0002_heartbeat_loss.py::test_hub_kill_stops_car_and_recovers,tests/integration/test_it_0003_estop_latch.py::test_estop_latch_and_release,tests/integration/test_it_0007_input_loss.py::test_input_loss_stops_drive",tests/e2e/test_st_control.py::test_estop_latches_until_booth_release,stale,
REQ-0012,操縦入力の途絶・デッドマン解放で停止命令を出す,F-001,"AD-0007,DD-0005,DD-0006,DD-0013",,"tests/unit/test_control.py::test_no_input_gives_stop_and_heartbeat,tests/unit/test_control.py::test_input_timeout,tests/unit/test_control.py::test_periods,tests/unit/test_control.py::test_heartbeat_payload_and_seq,tests/unit/test_control.py::test_estop_latch,tests/unit/test_control.py::test_release_only_from_booth,tests/unit/test_control.py::test_rtt,tests/unit/test_safety.py::test_initial,tests/unit/test_safety.py::test_run_and_command,tests/unit/test_safety.py::test_heartbeat_timeout,tests/unit/test_safety.py::test_recover_discards_old_command,tests/unit/test_safety.py::test_link_down,tests/unit/test_safety.py::test_command_timeout_keeps_run,tests/unit/test_safety.py::test_deadman_false_zeroes_drive,tests/unit/test_safety.py::test_estop_from_any,tests/unit/test_safety.py::test_estop_ignores_everything,tests/unit/test_safety.py::test_release_then_heartbeat,tests/unit/test_safety.py::test_state_change_flag","tests/integration/test_it_0002_heartbeat_loss.py::test_hub_kill_stops_car_and_recovers,tests/integration/test_it_0003_estop_latch.py::test_estop_latch_and_release,tests/integration/test_it_0007_input_loss.py::test_input_loss_stops_drive","tests/e2e/test_st_control.py::test_deadman_release_stops_drive,tests/e2e/test_st_control.py::test_input_loss_stops_drive",stale,
REQ-0013,登録済み topic はコア変更なしに追加送受信できる,F-001,"AD-0006,DD-0001,DD-0002,DD-0003",,"tests/unit/test_envelope.py::test_roundtrip,tests/unit/test_envelope.py::test_encode_is_compact,tests/unit/test_envelope.py::test_invalid_json,tests/unit/test_envelope.py::test_missing_key,tests/unit/test_envelope.py::test_wrong_type,tests/unit/test_envelope.py::test_bad_topic,tests/unit/test_envelope.py::test_max_topic_length_accepted,tests/unit/test_envelope.py::test_oversize,tests/unit/test_envelope.py::test_bytes_input,tests/unit/test_filters.py::test_seq_basic,tests/unit/test_filters.py::test_seq_independent,tests/unit/test_filters.py::test_seq_reset,tests/unit/test_filters.py::test_rate_10hz,tests/unit/test_filters.py::test_rate_unlimited,tests/unit/test_topics.py::test_fixed_topics,tests/unit/test_topics.py::test_unknown,tests/unit/test_topics.py::test_invalid_extension,tests/unit/test_topics.py::test_valid_extension,tests/unit/test_topics.py::test_to_json_contains_all",tests/integration/test_it_0004_telemetry.py::test_telemetry_injection_and_discard,"tests/e2e/test_st_control.py::test_registered_topic_passes_unregistered_is_ignored,tests/e2e/test_st_control.py::test_unregistered_topic_from_browser_is_ignored",stale,
REQ-0014,テレメトリの投入口を用意する,F-001,"AD-0006,AD-0008,DD-0001,DD-0002,DD-0003,DD-0007",,"tests/unit/test_envelope.py::test_roundtrip,tests/unit/test_envelope.py::test_encode_is_compact,tests/unit/test_envelope.py::test_invalid_json,tests/unit/test_envelope.py::test_missing_key,tests/unit/test_envelope.py::test_wrong_type,tests/unit/test_envelope.py::test_bad_topic,tests/unit/test_envelope.py::test_max_topic_length_accepted,tests/unit/test_envelope.py::test_oversize,tests/unit/test_envelope.py::test_bytes_input,tests/unit/test_filters.py::test_seq_basic,tests/unit/test_filters.py::test_seq_independent,tests/unit/test_filters.py::test_seq_reset,tests/unit/test_filters.py::test_rate_10hz,tests/unit/test_filters.py::test_rate_unlimited,tests/unit/test_local_io.py::test_build_effective_shape,tests/unit/test_local_io.py::test_stop_values,tests/unit/test_local_io.py::test_invalid_json,tests/unit/test_local_io.py::test_unregistered,tests/unit/test_local_io.py::test_fixed_or_down,tests/unit/test_local_io.py::test_forward_registered,tests/unit/test_local_io.py::test_rate_limited,tests/unit/test_topics.py::test_fixed_topics,tests/unit/test_topics.py::test_unknown,tests/unit/test_topics.py::test_invalid_extension,tests/unit/test_topics.py::test_valid_extension,tests/unit/test_topics.py::test_to_json_contains_all","tests/integration/test_it_0001_command_to_udp_out.py::test_quest_input_reaches_udp_out,tests/integration/test_it_0004_telemetry.py::test_telemetry_injection_and_discard",tests/e2e/test_st_control.py::test_local_telemetry_reaches_operator_side,stale,
REQ-0015,制御と映像を分離する,F-001,"AD-0002,AD-0005,DD-0004,DD-0005,DD-0010,DD-0012,DD-0013,DD-0014",,"tests/unit/test_config.py::test_channel_options,tests/unit/test_control.py::test_no_input_gives_stop_and_heartbeat,tests/unit/test_control.py::test_input_timeout,tests/unit/test_control.py::test_periods,tests/unit/test_control.py::test_heartbeat_payload_and_seq,tests/unit/test_control.py::test_estop_latch,tests/unit/test_control.py::test_release_only_from_booth,tests/unit/test_control.py::test_rtt,tests/unit/test_mapping.py::test_deadman_released,tests/unit/test_mapping.py::test_deadman_held,tests/unit/test_mapping.py::test_deadzone_and_directions,tests/unit/test_mapping.py::test_rescale_monotonic,tests/unit/test_mapping.py::test_stage_buttons,tests/unit/test_mapping.py::test_clutch_rising_edge,tests/unit/test_mapping.py::test_clutch_relative_motion,tests/unit/test_mapping.py::test_clutch_release_and_regrip,tests/unit/test_mapping.py::test_no_pose_disables,tests/unit/test_mapping.py::test_grip_value","tests/integration/test_it_0001_command_to_udp_out.py::test_quest_input_reaches_udp_out,tests/integration/test_it_0005_signaling.py::test_signaling_relay_and_reconnect,tests/integration/test_it_0007_input_loss.py::test_input_loss_stops_drive",tests/e2e/test_st_media.py::test_media_teardown_does_not_disturb_control,stale,
REQ-0016,車載のローカル出力 I/F を定める,F-001,"AD-0008,DD-0007",,"tests/unit/test_local_io.py::test_build_effective_shape,tests/unit/test_local_io.py::test_stop_values,tests/unit/test_local_io.py::test_invalid_json,tests/unit/test_local_io.py::test_unregistered,tests/unit/test_local_io.py::test_fixed_or_down,tests/unit/test_local_io.py::test_forward_registered,tests/unit/test_local_io.py::test_rate_limited","tests/integration/test_it_0001_command_to_udp_out.py::test_quest_input_reaches_udp_out,tests/integration/test_it_0004_telemetry.py::test_telemetry_injection_and_discard",tests/e2e/test_st_control.py::test_udp_out_is_periodic_safety_judged_output,stale,
REQ-0017,tailnet 内で完結し、ページは HTTPS で配信する,F-001,"AD-0001,AD-0004,AD-0010,DD-0008,DD-0009,DD-0011,DD-0014,DD-0015",,"tests/unit/test_config.py::test_config_defaults,tests/unit/test_config.py::test_config_cli_override,tests/unit/test_config.py::test_status_shape_empty,tests/unit/test_signaling.py::test_s1_restart_when_both_present,tests/unit/test_signaling.py::test_s2_and_s3,tests/unit/test_signaling.py::test_signal_forwarding,tests/unit/test_signaling.py::test_s3_signal_to_internal_peer,tests/unit/test_signaling.py::test_rehello_closes_old,tests/unit/test_signaling.py::test_close_old_ignored_current_notifies,tests/unit/test_signaling.py::test_restart_req,tests/unit/test_signaling.py::test_unknown_role_and_session",tests/integration/test_it_0005_signaling.py::test_signaling_relay_and_reconnect,,stale,
REQ-0018,切断から自動復帰する,F-001,"AD-0004,DD-0008,DD-0009,DD-0011",,"tests/unit/test_config.py::test_config_defaults,tests/unit/test_config.py::test_config_cli_override,tests/unit/test_config.py::test_status_shape_empty,tests/unit/test_signaling.py::test_s1_restart_when_both_present,tests/unit/test_signaling.py::test_s2_and_s3,tests/unit/test_signaling.py::test_signal_forwarding,tests/unit/test_signaling.py::test_s3_signal_to_internal_peer,tests/unit/test_signaling.py::test_rehello_closes_old,tests/unit/test_signaling.py::test_close_old_ignored_current_notifies,tests/unit/test_signaling.py::test_restart_req,tests/unit/test_signaling.py::test_unknown_role_and_session",tests/integration/test_it_0005_signaling.py::test_signaling_relay_and_reconnect,"tests/e2e/test_st_control.py::test_hub_restart_recovers_without_touching_car,tests/e2e/test_st_control.py::test_car_ctrl_restart_recovers_without_touching_hub,tests/e2e/test_st_media.py::test_hub_restart_all_sessions_come_back,tests/e2e/test_st_media.py::test_car_ctrl_restart_leaves_media_and_recovers,tests/e2e/test_st_media.py::test_page_reloads_recover_sessions",stale,
REQ-0019,通信状態を監視できる,F-001,"AD-0009,DD-0009,DD-0013,DD-0016",,"tests/unit/test_config.py::test_config_defaults,tests/unit/test_config.py::test_config_cli_override,tests/unit/test_config.py::test_status_shape_empty",tests/integration/test_it_0006_status_rtt.py::test_status_reports_rtt_and_state,tests/e2e/test_st_media.py::test_booth_shows_rtt_rates_connections_and_car_state,stale,
